SQL> select saname as "이름", sapay*10000 as "년 급여", round((sapay/12)*10000, -2) as "월 급여", trunc(((sapay/12)*0.05)*10000, 0) s "세금" from sawon;

이름                    년 급여    월 급여       세금
-------------------- ---------- ---------- ----------
홍길동                 50000000    4166700     208333
무궁화                 30000000    2500000     125000
깨똥이                 45000000    3750000     187500
뷰명한                 18000000    1500000      75000
무궁화                 11000000     916700      45833
최진실                 20000000    1666700      83333
한국남                 30000000    2500000     125000
이순신                 35000000    2916700     145833
이순라                 12000000    1000000      50000
놀기만                 23000000    1916700      95833
뷰별나                 16000000    1333300      66666
채시라                 34000000    2833300     141666
이성계                 28030000    2335800     116791
임꺽정                 22000000    1833300      91666
공부만                 40030000    3335800     166791
채송화                 17030000    1419200      70958
이미라                 25030000    2085800     104291
공부해                 13030000    1085800      54291
김유신                  4000000     333300      16666
강감찬                 10030000     835800      41791

20 rows selected.

SQL> select saname as "이름", to_char(sapay*10000, '999,999,999') as "년 급여", round((sapay/12)*10000, -2) as "월 급여", trunc(((sapay/12)*0.05)*10000, 0) as "세금" from sawon;

이름                 년 급여                     월 급여       세금
-------------------- ------------------------ ---------- ----------
홍길동                 50,000,000                4166700     208333
무궁화                 30,000,000                2500000     125000
깨똥이                 45,000,000                3750000     187500
뷰명한                 18,000,000                1500000      75000
무궁화                 11,000,000                 916700      45833
최진실                 20,000,000                1666700      83333
한국남                 30,000,000                2500000     125000
이순신                 35,000,000                2916700     145833
이순라                 12,000,000                1000000      50000
놀기만                 23,000,000                1916700      95833
뷰별나                 16,000,000                1333300      66666
채시라                 34,000,000                2833300     141666
이성계                 28,030,000                2335800     116791
임꺽정                 22,000,000                1833300      91666
공부만                 40,030,000                3335800     166791
채송화                 17,030,000                1419200      70958
이미라                 25,030,000                2085800     104291
공부해                 13,030,000                1085800      54291
김유신                  4,000,000                 333300      16666
강감찬                 10,030,000                 835800      41791

20 rows selected.

SQL> select saname as "이름", to_char(sapay*10000, '999,999,999') as "년 급여", to_char(round((sapay/12)*10000, -2), '999,999,999') as "월 급여", trunc(((sapay/12)*0.05)*10000, 0) as "세금" from sawon;

이름                 년 급여                  월 급여                        세금
-------------------- ------------------------ ------------------------ ----------
홍길동                 50,000,000                4,166,700                 208333
무궁화                 30,000,000                2,500,000                 125000
깨똥이                 45,000,000                3,750,000                 187500
뷰명한                 18,000,000                1,500,000                  75000
무궁화                 11,000,000                  916,700                  45833
최진실                 20,000,000                1,666,700                  83333
한국남                 30,000,000                2,500,000                 125000
이순신                 35,000,000                2,916,700                 145833
이순라                 12,000,000                1,000,000                  50000
놀기만                 23,000,000                1,916,700                  95833
뷰별나                 16,000,000                1,333,300                  66666
채시라                 34,000,000                2,833,300                 141666
이성계                 28,030,000                2,335,800                 116791
임꺽정                 22,000,000                1,833,300                  91666
공부만                 40,030,000                3,335,800                 166791
채송화                 17,030,000                1,419,200                  70958
이미라                 25,030,000                2,085,800                 104291
공부해                 13,030,000                1,085,800                  54291
김유신                  4,000,000                  333,300                  16666
강감찬                 10,030,000                  835,800                  41791

20 rows selected.

SQL> select saname as "이름", to_char(sapay*10000, '999,999,999') as "년 급여", to_char(round((sapay/12)*10000, -2), '999,999,999') as "월 급여", to_char(trunc(((sapay/12)*0.05)*10000, 0), '999,999,999') as "세금" from sawon;

이름                 년 급여                  월 급여                  세금
-------------------- ------------------------ ------------------------ ------------------------
홍길동                 50,000,000                4,166,700                  208,333
무궁화                 30,000,000                2,500,000                  125,000
깨똥이                 45,000,000                3,750,000                  187,500
뷰명한                 18,000,000                1,500,000                   75,000
무궁화                 11,000,000                  916,700                   45,833
최진실                 20,000,000                1,666,700                   83,333
한국남                 30,000,000                2,500,000                  125,000
이순신                 35,000,000                2,916,700                  145,833
이순라                 12,000,000                1,000,000                   50,000
놀기만                 23,000,000                1,916,700                   95,833
뷰별나                 16,000,000                1,333,300                   66,666
채시라                 34,000,000                2,833,300                  141,666
이성계                 28,030,000                2,335,800                  116,791
임꺽정                 22,000,000                1,833,300                   91,666
공부만                 40,030,000                3,335,800                  166,791
채송화                 17,030,000                1,419,200                   70,958
이미라                 25,030,000                2,085,800                  104,291
공부해                 13,030,000                1,085,800                   54,291
김유신                  4,000,000                  333,300                   16,666
강감찬                 10,030,000                  835,800                   41,791

20 rows selected.

SQL>
SQL> ed
Wrote file afiedt.buf

  1  select saname as "이름",
  2  to_char(sapay*10000, '999,999,999') as "년 급여",
  3  to_char(round((sapay/12)*10000, -2), '999,999,999') as "월 급여",
  4  to_char(trunc(((sapay/12)*0.05)*10000, 0), '999,999,999') as "세금"
  5* from sawon
SQL> /

이름                 년 급여                  월 급여                  세금
-------------------- ------------------------ ------------------------ ------------------------
홍길동                 50,000,000                4,166,700                  208,333
무궁화                 30,000,000                2,500,000                  125,000
깨똥이                 45,000,000                3,750,000                  187,500
뷰명한                 18,000,000                1,500,000                   75,000
무궁화                 11,000,000                  916,700                   45,833
최진실                 20,000,000                1,666,700                   83,333
한국남                 30,000,000                2,500,000                  125,000
이순신                 35,000,000                2,916,700                  145,833
이순라                 12,000,000                1,000,000                   50,000
놀기만                 23,000,000                1,916,700                   95,833
뷰별나                 16,000,000                1,333,300                   66,666
채시라                 34,000,000                2,833,300                  141,666
이성계                 28,030,000                2,335,800                  116,791
임꺽정                 22,000,000                1,833,300                   91,666
공부만                 40,030,000                3,335,800                  166,791
채송화                 17,030,000                1,419,200                   70,958
이미라                 25,030,000                2,085,800                  104,291
공부해                 13,030,000                1,085,800                   54,291
김유신                  4,000,000                  333,300                   16,666
강감찬                 10,030,000                  835,800                   41,791

20 rows selected.